{"cameraMode":{"drawMode":0,"name":"Shaded","section":"Shading Mode"},"sceneLighting":true,"audioPlay":false,"sceneViewState":{"showFog":true,"showMaterialUpdate":false,"showSkybox":true,"showFlares":true,"showImageEffects":true,"showParticleSystems":true},"in2DMode":false,"pivot":{"x":277.87945556640627,"y":202.8143310546875,"z":86.87615966796875},"rotation":{"x":0.19814740121364594,"y":-0.01764201931655407,"z":0.003566859057173133,"w":0.9800085425376892},"size":345.61212158203127,"orthographic":false}